WK,date,DoW,SEA,SF,OAK,LAD,LAA,SD,ARI,COL,TEX,HOU,KC,STL,MIN,MIL,CHC,CHW,DET,CIN,CLE,PIT,TOR,BOS,NYY,NYM,PHI,BAL,WSH,ATL,TB,MIA,Games
1,3/26/2020,Thu,TEX,,MIN,SF,,COL,ATL,,,LAA,,,,CHC,,KC,,STL,DET,,BOS,,,WSH,,NYY,,,PIT,PHI,15
1,3/27/2020,Fri,TEX,,MIN,,,COL,ATL,,,LAA,,,,,,,,,,,BOS,,,,,,,,,PHI,7
1,3/28/2020,Sat,TEX,,MIN,SF,,COL,ATL,,,LAA,,,,CHC,,KC,,STL,DET,,BOS,,,WSH,,NYY,,,PIT,PHI,15
1,3/29/2020,Sun,TEX,,MIN,SF,,COL,ATL,,,LAA,,,,CHC,,KC,,STL,DET,,BOS,,,WSH,,NYY,,,PIT,PHI,15
2,3/30/2020,Mon,MIN,,HOU,COL,,ATL,SF,,,,,,,STL,PIT,,KC,,CHW,,CIN,,,PHI,,BOS,,,NYY,WSH,14
2,3/31/2020,Tue,MIN,,HOU,COL,,ATL,SF,,LAA,,,,,STL,PIT,,,,CHW,,CIN,,,PHI,,BOS,,,NYY,WSH,14
2,4/1/2020,Wed,MIN,,HOU,COL,,ATL,SF,,LAA,,,,,STL,PIT,,KC,,CHW,,CIN,,,PHI,,BOS,,,NYY,WSH,15
2,4/2/2020,Thu,,,,,,,,,LAA,,SEA,BAL,OAK,,,,CLE,,,CIN,,CHW,TOR,,MIL,,NYM,,,,10
2,4/3/2020,Fri,,LAD,,,HOU,,,SD,TB,,,,,,ARI,,CLE,,,,,,,,,,,MIA,,,7
2,4/4/2020,Sat,,LAD,,,HOU,,,SD,TB,,SEA,BAL,OAK,,ARI,,CLE,,,CIN,,CHW,TOR,,MIL,,NYM,MIA,,,15
2,4/5/2020,Sun,,LAD,,,HOU,,,SD,TB,,SEA,BAL,OAK,,ARI,,CLE,,,CIN,,CHW,TOR,,MIL,,NYM,MIA,,,15
3,4/6/2020,Mon,,ARI,,,OAK,,,,,,DET,LAD,CLE,,,SEA,,MIL,,CHC,,TB,BAL,,TOR,,MIA,SD,,,13
3,4/7/2020,Tue,,ARI,,,OAK,,,TEX,,NYM,DET,LAD,CLE,,,SEA,,MIL,,CHC,,TB,BAL,,TOR,,MIA,SD,,,15
3,4/8/2020,Wed,,ARI,,,OAK,,,TEX,,NYM,DET,LAD,CLE,,,SEA,,,,CHC,,TB,BAL,,,,MIA,SD,,,13
3,4/9/2020,Thu,BOS,ARI,,,,,,,,,,LAD,,NYM,,,,PHI,TB,CHC,KC,,BAL,,,,,,,ATL,10
3,4/10/2020,Fri,BOS,,NYY,WSH,,SF,COL,,HOU,,,,,NYM,STL,MIN,LAA,PHI,TB,,KC,,,,,PIT,,,,ATL,15
3,4/11/2020,Sat,BOS,,NYY,WSH,,SF,COL,,HOU,,,,,NYM,STL,MIN,LAA,PHI,TB,,KC,,,,,PIT,,,,ATL,15
3,4/12/2020,Sun,BOS,,NYY,WSH,,SF,COL,,HOU,,,,,NYM,STL,MIN,LAA,PHI,TB,,KC,,,,,PIT,,,,ATL,15
4,4/13/2020,Mon,WSH,,BOS,,,,,,NYY,,CHW,,,PHI,,,,,,,MIN,,,ATL,,,,,HOU,,8
4,4/14/2020,Tue,WSH,,BOS,STL,,COL,PIT,,NYY,,CHW,,,PHI,,,,SF,DET,,MIN,,,ATL,,CHC,,,HOU,LAA,15
4,4/15/2020,Wed,,,BOS,STL,,COL,PIT,,NYY,,CHW,,,PHI,,,,SF,DET,,MIN,,,ATL,,CHC,,,HOU,LAA,14
4,4/16/2020,Thu,,,SEA,STL,,COL,PIT,,,,,,,PHI,,TEX,,SF,DET,,,,,ATL,,,CHC,,,,10
4,4/17/2020,Fri,,,SEA,PIT,,,,STL,,LAA,BAL,,DET,,,TEX,,,,,,CLE,CIN,MIL,MIA,,CHC,SF,TOR,,14
4,4/18/2020,Sat,,,SEA,PIT,,,SD,STL,,LAA,BAL,,DET,,,TEX,,,,,,CLE,CIN,MIL,MIA,,CHC,SF,TOR,,15
4,4/19/2020,Sun,,,SEA,PIT,,,SD,STL,,LAA,BAL,,DET,,,TEX,,,,,,CLE,CIN,MIL,MIA,,CHC,SF,TOR,,15
5,4/20/2020,Mon,,,,,BAL,,,,,TB,,CIN,SEA,,,KC,NYY,,,,,CLE,,,,,,,,,7
5,4/21/2020,Tue,,COL,,,BAL,,,,,TB,,CIN,SEA,,SD,KC,NYY,,OAK,MIL,,TOR,,MIA,TEX,,LAD,ARI,,,15
5,4/22/2020,Wed,,COL,,,BAL,,,,,TB,,CIN,SEA,,SD,KC,NYY,,OAK,MIL,,TOR,,MIA,TEX,,LAD,ARI,,,15
5,4/23/2020,Thu,,COL,,,CHW,,,,,TB,,,SEA,,SD,,NYY,,OAK,MIL,,TOR,,MIA,,,LAD,ARI,,,12
5,4/24/2020,Fri,,WSH,,,CHW,,,MIL,SEA,OAK,,MIA,BOS,,PHI,,SD,ARI,,LAD,,,CLE,,,TOR,,NYM,KC,,15
5,4/25/2020,Sat,,WSH,,,CHW,,,MIL,SEA,OAK,,MIA,BOS,,PHI,,SD,ARI,,LAD,,,CLE,,,TOR,,NYM,KC,,15
5,4/26/2020,Sun,,WSH,,,CHW,,,MIL,SEA,OAK,,MIA,BOS,,PHI,,SD,ARI,,LAD,,,CLE,,,TOR,,NYM,KC,,15
6,4/27/2020,Mon,,PHI,,,,STL,,,OAK,,,,,,PIT,,,ATL,,,BOS,,,,,KC,,,CLE,,8
6,4/28/2020,Tue,LAA,PHI,,MIN,,STL,HOU,CHW,OAK,,,,,WSH,PIT,,,ATL,,,BOS,,DET,,,KC,,,CLE,NYM,15
6,4/29/2020,Wed,LAA,PHI,,MIN,,STL,HOU,CHW,OAK,,,,,WSH,PIT,,,ATL,,,BOS,,DET,,,KC,,,CLE,NYM,15
6,4/30/2020,Thu,HOU,,TB,,,STL,CHC,,,,,,,WSH,,,,,,,,,DET,,,KC,,,,NYM,8
6,5/1/2020,Fri,HOU,,TB,,MIN,LAD,CHC,,,,DET,,,STL,,BAL,,,SF,,NYY,TEX,,ATL,COL,,CIN,,,PIT,15
6,5/2/2020,Sat,HOU,,TB,,MIN,LAD,CHC,,,,DET,,,STL,,BAL,,,SF,,NYY,TEX,,ATL,COL,,CIN,,,PIT,15
6,5/3/2020,Sun,HOU,,TB,,MIN,LAD,CHC,,,,DET,,,STL,,BAL,,,SF,,NYY,TEX,,ATL,COL,,CIN,,,PIT,15
7,5/4/2020,Mon,,,SEA,CHC,,,,,,,HOU,SD,SF,,,,COL,,TEX,,BAL,,,CIN,ATL,,,,,MIL,11
7,5/5/2020,Tue,,,SEA,CHC,,,,,,,HOU,SD,SF,,,TB,COL,,TEX,,BAL,LAA,PIT,CIN,ATL,,ARI,,,MIL,15
7,5/6/2020,Wed,,,SEA,CHC,,,,,,,HOU,SD,SF,,,TB,COL,,TEX,,BAL,LAA,PIT,CIN,ATL,,ARI,,,MIL,15
7,5/7/2020,Thu,,,,,,,,CIN,,SEA,,,,,,TB,,,TEX,,,LAA,,,,,ARI,,,MIL,7
7,5/8/2020,Fri,,CHW,TOR,SD,,,,CIN,,SEA,,NYM,KC,ARI,WSH,,CLE,,,PHI,,,BOS,,,LAA,,MIA,TEX,,15
7,5/9/2020,Sat,,CHW,TOR,SD,,,,CIN,,SEA,,NYM,KC,ARI,WSH,,CLE,,,PHI,,,BOS,,,LAA,,MIA,TEX,,15
7,5/10/2020,Sun,,CHW,TOR,SD,,,,CIN,,SEA,,NYM,KC,ARI,WSH,,CLE,,,PHI,,,BOS,,,LAA,,MIA,TEX,,15
8,5/11/2020,Mon,,,,,WSH,CHW,NYM,SF,TOR,KC,,,,,MIL,,MIN,MIA,,STL,,,,,,CLE,,,NYY,,12
8,5/12/2020,Tue,OAK,,,,WSH,CHW,NYM,SF,TOR,KC,,,,,MIL,,MIN,MIA,,STL,,,,,LAD,CLE,,BOS,NYY,,15
8,5/13/2020,Wed,OAK,,,,WSH,CHW,NYM,SF,TOR,KC,,,,,MIL,,MIN,MIA,,STL,,,,,LAD,CLE,,BOS,NYY,,15
8,5/14/2020,Thu,OAK,,,,,CHC,WSH,SF,BOS,,,,,,,TOR,MIN,MIL,,,,,,,LAD,,,,NYY,,10
8,5/15/2020,Fri,DET,ATL,,,OAK,CHC,WSH,,BOS,NYY,LAD,,,,,TOR,,MIL,MIN,,,,,PIT,STL,,,,BAL,COL,15
8,5/16/2020,Sat,DET,ATL,,,OAK,CHC,WSH,,BOS,NYY,LAD,,,,,TOR,,MIL,MIN,,,,,PIT,STL,,,,BAL,COL,15
8,5/17/2020,Sun,DET,ATL,,,OAK,CHC,WSH,,BOS,NYY,LAD,,,,,TOR,,MIL,MIN,,,,,PIT,STL,,,,BAL,COL,15
9,5/18/2020,Mon,,,,PHI,,,,,,,LAA,ATL,BAL,,,,,,,,HOU,,,PIT,,,,,,,6
9,5/19/2020,Tue,,DET,TEX,PHI,,,,,,,LAA,ATL,BAL,NYY,,COL,,,CIN,CHC,HOU,TB,,ARI,,,SEA,,,SD,15
9,5/20/2020,Wed,,DET,TEX,PHI,,,,,,,LAA,ATL,BAL,NYY,,COL,,,CIN,CHC,HOU,TB,,ARI,,,SEA,,,SD,15
9,5/21/2020,Thu,,,TEX,,,,,,,,LAA,ATL,CHW,NYY,,,,,,CHC,BAL,TB,,ARI,,,,,,SD,10
9,5/22/2020,Fri,,,LAA,CLE,,,,PHI,,,TEX,ARI,CHW,CHC,,,TB,SD,,SF,BAL,HOU,SEA,,,,MIA,NYM,,,15
9,5/23/2020,Sat,,,LAA,CLE,,,,PHI,,,TEX,ARI,CHW,CHC,,,TB,SD,,SF,BAL,HOU,SEA,,,,MIA,NYM,,,15
9,5/24/2020,Sun,,,LAA,CLE,,,,PHI,,,TEX,ARI,CHW,CHC,,,TB,SD,,SF,BAL,HOU,SEA,,,,MIA,NYM,,,15
10,5/25/2020,Mon,,,,,CLE,,,LAD,,OAK,,,,,,,TB,SD,,SF,,KC,SEA,,,CHW,MIA,STL,,,11
10,5/26/2020,Tue,,,,,CLE,ARI,,LAD,WSH,OAK,,,,SF,MIA,,SEA,PIT,,,,KC,MIN,,NYM,CHW,,STL,TOR,,15
10,5/27/2020,Wed,,,,,CLE,ARI,,LAD,WSH,OAK,,,,SF,MIA,,SEA,PIT,,,,KC,MIN,,NYM,CHW,,STL,TOR,,15
10,5/28/2020,Thu,,,,,,ARI,,LAD,WSH,OAK,,,,SF,MIA,,SEA,PIT,,,,KC,MIN,,NYM,CHW,,,TOR,,13
10,5/29/2020,Fri,ATL,COL,,,NYY,MIA,DET,,OAK,BOS,,PIT,,,CIN,MIN,,,KC,,,,,LAD,WSH,TOR,,,,,14
10,5/30/2020,Sat,ATL,COL,,,NYY,MIA,DET,,OAK,BOS,,PIT,,,CIN,MIN,,,KC,,,,,LAD,WSH,TOR,,,MIL,,15
10,5/31/2020,Sun,ATL,COL,,,NYY,MIA,DET,,OAK,BOS,,PIT,,,CIN,MIN,,,KC,,,,,LAD,WSH,TOR,,,MIL,,15
11,6/1/2020,Mon,NYY,SD,,ATL,,,COL,,LAA,,,TOR,TB,,CIN,,,,BOS,,,,,,,,MIL,,,,10
11,6/2/2020,Tue,NYY,SD,DET,ATL,,,COL,,LAA,,CHW,TOR,TB,,BAL,,,,BOS,CIN,,,,HOU,,,MIL,,,PHI,15
11,6/3/2020,Wed,NYY,SD,DET,ATL,,,COL,,LAA,,CHW,,TB,,BAL,,,,BOS,CIN,,,,HOU,,,MIL,,,PHI,14
11,6/4/2020,Thu,,SD,DET,COL,,,,,,,CHW,,LAA,,,,,CHC,,STL,TEX,,,,,,NYM,,,PHI,10
11,6/5/2020,Fri,,,,COL,,,SD,,,,CLE,,LAA,,,DET,,CHC,,STL,TEX,MIL,TB,,,HOU,NYM,PHI,,SEA,14
11,6/6/2020,Sat,,,SF,COL,,,SD,,,,CLE,,LAA,,,DET,,CHC,,STL,TEX,MIL,TB,,,HOU,NYM,PHI,,SEA,15
11,6/7/2020,Sun,,,SF,COL,,,SD,,,,CLE,,LAA,,,DET,,CHC,,STL,TEX,MIL,TB,,,HOU,NYM,PHI,,SEA,15
12,6/8/2020,Mon,,,,,,,,,,,,,,,,,,,,,,,,STL,CHC,,,,,,2
12,6/9/2020,Tue,,PIT,,,MIA,,,ARI,,TEX,,,,SD,,CLE,OAK,LAD,,,SEA,,KC,STL,CHC,MIN,,WSH,BOS,,15
12,6/10/2020,Wed,,PIT,,,MIA,,,ARI,,TEX,,,,SD,,CLE,OAK,LAD,,,SEA,,KC,STL,CHC,MIN,,WSH,BOS,,15
12,6/11/2020,Thu,,PIT,,,,,,ARI,,TEX,,,,SD,,CLE,OAK,LAD,,,SEA,,KC,,,MIN,,WSH,BOS,,12
12,6/12/2020,Fri,,MIA,,,SEA,ARI,,PIT,CLE,CHW,MIN,,,CIN,,,TOR,,,,,NYY,,WSH,OAK,,,LAD,BAL,,14
12,6/13/2020,Sat,,MIA,,,SEA,ARI,,PIT,CLE,CHW,MIN,CHC,,CIN,,,TOR,,,,,NYY,,WSH,OAK,,,LAD,BAL,,15
12,6/14/2020,Sun,,MIA,,,SEA,ARI,,PIT,CLE,CHW,MIN,CHC,,CIN,,,TOR,,,,,NYY,,WSH,OAK,,,LAD,BAL,,15
13,6/15/2020,Mon,,,LAA,ARI,,,,,KC,,,,,,,,,,BAL,,,,,,,,,,,,4
13,6/16/2020,Tue,HOU,,LAA,ARI,,CIN,,,KC,,,COL,MIL,,NYM,,CHW,,BAL,NYY,TB,ATL,,,MIA,,SF,,,,15
13,6/17/2020,Wed,HOU,,LAA,ARI,,CIN,,,KC,,,COL,MIL,,NYM,,CHW,,BAL,NYY,TB,ATL,,,MIA,,SF,,,,15
13,6/18/2020,Thu,KC,,,ARI,TEX,CIN,,,,,,COL,NYY,,NYM,,CHW,,BAL,,TB,,,,MIA,,SF,,,,12
13,6/19/2020,Fri,KC,,HOU,DET,TEX,,MIL,SD,,,,CIN,NYY,,BOS,,,,CHW,TOR,,,,PHI,,TB,ATL,,,SF,15
13,6/20/2020,Sat,KC,,HOU,DET,TEX,,MIL,SD,,,,CIN,NYY,,BOS,,,,CHW,TOR,,,,PHI,,TB,ATL,,,SF,15
13,6/21/2020,Sun,KC,,HOU,DET,TEX,,MIL,SD,,,,CIN,NYY,,BOS,,,,CHW,TOR,,,,PHI,,TB,ATL,,,SF,15
14,6/22/2020,Mon,TEX,NYM,,,BOS,,LAD,KC,,MIN,,,,TOR,,DET,,,,,,,BAL,,,,PIT,PHI,,STL,12
14,6/23/2020,Tue,TEX,NYM,,,BOS,CLE,LAD,KC,,MIN,,,,TOR,,DET,,CHC,,,,,BAL,,,,PIT,PHI,OAK,STL,15
14,6/24/2020,Wed,TEX,NYM,,,BOS,CLE,LAD,KC,,MIN,,,,TOR,,DET,,CHC,,,,,BAL,,,,PIT,PHI,OAK,STL,15
14,6/25/2020,Thu,,NYM,,,,,,,,,,,,,,DET,,CHC,,,,,,,,,PIT,PHI,OAK,STL,7
14,6/26/2020,Fri,,LAD,,,,NYM,,,,TEX,CLE,,COL,PIT,,OAK,,WSH,,,LAA,STL,CHC,,ARI,DET,,,SEA,ATL,15
14,6/27/2020,Sat,,LAD,,,,NYM,,,,TEX,CLE,,COL,PIT,,OAK,,WSH,,,LAA,STL,CHC,,ARI,DET,,,SEA,ATL,15
14,6/28/2020,Sun,,LAD,,,,NYM,,,,TEX,CLE,,COL,PIT,,OAK,,WSH,,,LAA,STL,CHC,,ARI,DET,,,SEA,ATL,15
15,6/29/2020,Mon,,,MIA,CIN,,,,,ATL,,,WSH,,,MIL,,,,HOU,COL,,SEA,,,ARI,NYY,,,LAA,,11
15,6/30/2020,Tue,,,MIA,CIN,,,,,ATL,,ARI,WSH,,,MIL,,MIN,,HOU,COL,CHW,SEA,,SF,SD,NYY,,,LAA,,15
15,7/1/2020,Wed,,,MIA,CIN,,,,,ATL,,ARI,WSH,,,MIL,,MIN,,HOU,COL,CHW,SEA,,SF,SD,NYY,,,LAA,,15
15,7/2/2020,Thu,,,BAL,CIN,,,,,,,,WSH,,,MIL,,MIN,,HOU,,CHW,,,SF,SD,,,,LAA,,10
15,7/3/2020,Fri,PHI,,BAL,MIA,,,CIN,SF,CHW,,,MIL,,,TB,,KC,,MIN,BOS,NYY,,,SD,,,HOU,LAA,,,15
15,7/4/2020,Sat,PHI,,BAL,MIA,,,CIN,SF,CHW,,,MIL,,,TB,,KC,,MIN,BOS,NYY,,,SD,,,HOU,LAA,,,15
15,7/5/2020,Sun,PHI,,BAL,MIA,,,CIN,SF,CHW,,,MIL,,,TB,,KC,,MIN,BOS,NYY,,,SD,,,HOU,LAA,,,15
16,7/6/2020,Mon,BAL,,,,DET,,,ARI,,,,,KC,,,,,,,,,TOR,,SD,,,,PIT,,,7
16,7/7/2020,Tue,BAL,OAK,,,DET,LAD,,ARI,,PHI,,,KC,TB,,CHC,,CLE,,,,TOR,NYM,,,,STL,PIT,,TEX,15
16,7/8/2020,Wed,BAL,OAK,,,DET,LAD,,ARI,,PHI,,,KC,TB,,CHC,,CLE,,,,TOR,NYM,,,,STL,PIT,,TEX,15
16,7/9/2020,Thu,OAK,,,,DET,LAD,,,,PHI,,,TOR,COL,,,,,KC,,,,,,,,STL,PIT,,TEX,10
16,7/10/2020,Fri,OAK,SD,,,LAD,,,,,DET,,,TOR,COL,,ARI,,PIT,KC,,,BAL,TEX,,,,PHI,CHC,STL,NYM,15
16,7/11/2020,Sat,OAK,SD,,,LAD,,,,,DET,,,TOR,COL,,ARI,,PIT,KC,,,BAL,TEX,,,,PHI,CHC,STL,NYM,15
16,7/12/2020,Sun,OAK,SD,,,,,,,,DET,,,TOR,COL,,ARI,,PIT,KC,,,BAL,TEX,,,,PHI,CHC,STL,NYM,14
17,7/13/2020,Mon,,,,,,,,,,,,,,,,,,,,,,,,,,,,,,,0
17,7/14/2020,Tue,,,,,,,,,,,,,,,,,,,,,,,,,,,,,,,0
17,7/15/2020,Wed,,,,,,,,,,,,,,,,,,,,,,,,,,,,,,,0
17,7/16/2020,Thu,,,,SF,,,,,,,,,,,,,,,,,,,,,,,,,,,1
17,7/17/2020,Fri,,,HOU,SF,,MIL,MIA,ATL,MIN,,BOS,NYY,,,CIN,,CHW,,,WSH,CLE,,,SEA,LAA,TB,,,,,15
17,7/18/2020,Sat,,,HOU,SF,,MIL,MIA,ATL,MIN,,BOS,NYY,,,CIN,,CHW,,,WSH,CLE,,,SEA,LAA,TB,,,,,15
17,7/19/2020,Sun,,,HOU,SF,,MIL,MIA,ATL,MIN,,BOS,NYY,,,CIN,,CHW,,,WSH,CLE,,,SEA,LAA,TB,,,,,15
18,7/20/2020,Mon,,,,MIL,,,MIN,MIA,HOU,,TB,SF,,,CHW,,,,,,BOS,,LAA,,WSH,SEA,,,,,11
18,7/21/2020,Tue,,,ATL,MIL,,,MIN,MIA,HOU,,TB,SF,,,CHW,,CLE,NYM,,SD,BOS,,LAA,,WSH,SEA,,,,,15
18,7/22/2020,Wed,,,ATL,MIL,,,MIN,MIA,HOU,,TB,SF,,,,,CLE,NYM,,SD,BOS,,LAA,,WSH,SEA,,,,,14
18,7/23/2020,Thu,,,,,,,,MIA,HOU,,,CHC,,,,MIN,CLE,NYM,,SD,,,LAA,,WSH,,,,,,9
18,7/24/2020,Fri,TOR,ARI,,,,,,,LAA,CLE,SD,CHC,,PIT,,MIN,,COL,,,,,BOS,,NYM,OAK,ATL,,DET,LAD,15
18,7/25/2020,Sat,TOR,ARI,,,,,,,LAA,CLE,SD,CHC,,PIT,,MIN,,COL,,,,,BOS,,NYM,OAK,ATL,,DET,LAD,15
18,7/26/2020,Sun,TOR,ARI,,,,,,,LAA,CLE,SD,CHC,,PIT,,MIN,,COL,,,,,BOS,,NYM,OAK,ATL,,DET,LAD,15
19,7/27/2020,Mon,,CHC,,,TOR,PIT,PHI,,,OAK,,,,STL,,DET,,,,,,BAL,,,,,COL,CIN,,LAD,11
19,7/28/2020,Tue,TEX,CHC,,,TOR,PIT,PHI,,,OAK,,,LAD,STL,,DET,,,KC,,,BAL,,NYY,,,COL,CIN,MIA,,15
19,7/29/2020,Wed,TEX,CHC,,,TOR,PIT,PHI,,,OAK,,,LAD,STL,,DET,,,KC,,,BAL,,NYY,,,COL,CIN,MIA,,15
19,7/30/2020,Thu,,CHC,TEX,,SEA,PHI,LAD,,,,,,,STL,,,KC,,CHW,,,NYY,,MIA,,,,CIN,,,11
19,7/31/2020,Fri,,,TEX,,SEA,PHI,LAD,SF,,,,,HOU,,MIL,,KC,TB,CHW,STL,BAL,NYY,,MIA,,,,WSH,,,15
19,8/1/2020,Sat,,,TEX,,SEA,PHI,LAD,SF,,,,,HOU,,MIL,,KC,TB,CHW,STL,BAL,NYY,,MIA,,,,WSH,,,15
19,8/2/2020,Sun,,,TEX,,SEA,PHI,LAD,SF,,,,,HOU,,MIL,,KC,TB,CHW,STL,BAL,NYY,,MIA,,,,WSH,,,15
20,8/3/2020,Mon,,,SEA,SD,TEX,,,NYM,,,,,CLE,,ATL,,,,,MIL,TB,,CHW,,,,,,,,9
20,8/4/2020,Tue,,,SEA,SD,TEX,,,NYM,,ARI,STL,,CLE,,ATL,,SF,,,MIL,TB,,CHW,,CIN,BOS,,,,WSH,15
20,8/5/2020,Wed,,,,SD,,,,NYM,,ARI,STL,,CLE,,ATL,,SF,,,MIL,TB,,CHW,,CIN,BOS,,,,WSH,13
20,8/6/2020,Thu,LAA,,,NYM,,,,,DET,TOR,MIN,,,,ATL,,,,,ARI,,,OAK,,CIN,BOS,,,,WSH,11
20,8/7/2020,Fri,LAA,,,NYM,,COL,,,DET,TOR,MIN,CIN,,CHC,,CLE,,,,ARI,,,OAK,,SF,,,,BOS,ATL,14
20,8/8/2020,Sat,LAA,,,NYM,,COL,,,DET,TOR,MIN,CIN,,CHC,,CLE,,,,ARI,,,OAK,,SF,WSH,,,BOS,ATL,15
20,8/9/2020,Sun,LAA,,,NYM,,COL,,,DET,TOR,MIN,CIN,,CHC,,CLE,,,,ARI,,,OAK,,SF,WSH,,,BOS,ATL,15
21,8/10/2020,Mon,HOU,,,,,,COL,,,,NYY,PIT,,,,LAA,,,,,,MIN,,,SF,,OAK,,TOR,,9
21,8/11/2020,Tue,HOU,LAD,,,,,COL,,PHI,,NYY,PIT,,MIA,,LAA,BAL,CHC,SD,,,MIN,,ATL,,,OAK,,TOR,,15
21,8/12/2020,Wed,HOU,LAD,,,,,COL,,PHI,,NYY,PIT,,MIA,,LAA,BAL,CHC,SD,,,MIN,,ATL,,,OAK,,TOR,,15
21,8/13/2020,Thu,,LAD,,,HOU,,COL,,,,,,,MIA,,NYY,BAL,PIT,,,,MIN,,ATL,,,SD,,TOR,,11
21,8/14/2020,Fri,,COL,,ARI,HOU,,,,,,,MIL,KC,,,,TEX,PIT,SEA,,CHC,OAK,,PHI,,,SD,MIA,BAL,,14
21,8/15/2020,Sat,,COL,,ARI,HOU,,,,,,,MIL,KC,,,NYY,TEX,PIT,SEA,,CHC,OAK,,PHI,,,SD,MIA,BAL,,15
21,8/16/2020,Sun,,COL,,ARI,HOU,,,,,,,MIL,KC,,,NYY,TEX,PIT,SEA,,CHC,OAK,,PHI,,,SD,MIA,BAL,,15
22,8/17/2020,Mon,,,CLE,,,,KC,WSH,,SEA,,,,,LAD,,,,,,,,TB,,,TEX,,MIL,,,8
22,8/18/2020,Tue,,,CLE,,NYM,SF,KC,WSH,,SEA,,,CHW,,LAD,,,,,DET,STL,CIN,TB,,,TEX,,MIL,,PHI,15
22,8/19/2020,Wed,,,CLE,,NYM,SF,,WSH,,SEA,,,CHW,,LAD,,,,,DET,STL,CIN,TB,,,TEX,,MIL,,PHI,14
22,8/20/2020,Thu,CHW,,,,NYM,,SF,WSH,,,CLE,,,CIN,LAD,,,,,MIA,,,TOR,,,BOS,,,,,10
22,8/21/2020,Fri,CHW,,NYM,,TB,WSH,SF,LAD,,TEX,CLE,,DET,CIN,STL,,,,,MIA,,,TOR,,ATL,BOS,,,,,15
22,8/22/2020,Sat,CHW,,NYM,,TB,WSH,SF,LAD,,TEX,CLE,,DET,CIN,STL,,,,,MIA,,,TOR,,ATL,BOS,,,,,15
22,8/23/2020,Sun,CHW,,NYM,,TB,WSH,SF,LAD,,TEX,CLE,,DET,CIN,STL,,,,,MIA,,,TOR,,ATL,BOS,,,,,15
23,8/24/2020,Mon,TB,SD,,,,,,,COL,,TOR,,,,,,HOU,STL,,,,,,,PIT,,,,,,7
23,8/25/2020,Tue,TB,SD,,LAA,,,,,COL,,TOR,,,MIN,,BOS,HOU,STL,ARI,,,,BAL,,PIT,,NYM,OAK,,CHC,15
23,8/26/2020,Wed,TB,SD,,LAA,,,,,,,TOR,,,MIN,,BOS,HOU,STL,ARI,,,,BAL,,PIT,,NYM,OAK,,CHC,14
23,8/27/2020,Thu,,,,SD,,,,,BAL,,,,,,,BOS,HOU,MIL,ARI,,OAK,,,,,,NYM,COL,,CHC,10
23,8/28/2020,Fri,LAA,KC,,SD,,,,,BAL,,,PIT,,,,HOU,BOS,MIL,NYY,,OAK,,,CHC,,,PHI,COL,MIN,ARI,15
23,8/29/2020,Sat,LAA,KC,,SD,,,,,BAL,,,PIT,,,,HOU,BOS,MIL,NYY,,OAK,,,CHC,,,PHI,COL,MIN,ARI,15
23,8/30/2020,Sun,LAA,KC,,SD,,,,,BAL,,,PIT,,,,HOU,BOS,MIL,NYY,,OAK,,,CHC,,,PHI,COL,MIN,ARI,15
24,8/31/2020,Mon,,,KC,,TEX,,,,,,,PHI,CLE,,SF,,,BAL,,MIL,,NYY,,COL,,,,,CHW,ARI,11
24,9/1/2020,Tue,,,KC,,TEX,SEA,LAD,,,MIA,,PHI,CLE,,SF,,,BAL,,MIL,DET,NYY,,COL,,,ATL,,CHW,,15
24,9/2/2020,Wed,,,KC,,TEX,SEA,LAD,,,MIA,,PHI,CLE,,SF,,,BAL,,MIL,DET,NYY,,COL,,,ATL,,CHW,,15
24,9/3/2020,Thu,,,,,TEX,SF,,,,MIA,,PHI,CLE,,,,,,,MIL,DET,,,COL,,,ATL,,CHW,,10
24,9/4/2020,Fri,,,TEX,,KC,SF,STL,CLE,,SEA,,,CHW,LAD,CIN,,,,,ATL,TB,DET,,WSH,MIA,NYY,,,,,15
24,9/5/2020,Sat,,,TEX,,KC,SF,STL,CLE,,SEA,,,CHW,LAD,CIN,,,,,ATL,TB,DET,,WSH,MIA,NYY,,,,,15
24,9/6/2020,Sun,,,TEX,,KC,SF,STL,CLE,,SEA,,,CHW,LAD,CIN,,,,,ATL,TB,DET,,WSH,MIA,NYY,,,,,15
25,9/7/2020,Mon,,STL,,,HOU,ARI,,CHC,SEA,,OAK,,,LAD,,,,,,,,DET,,,MIA,NYY,,NYM,,,11
25,9/8/2020,Tue,,STL,,,HOU,ARI,,CHC,SEA,,OAK,,,CIN,,LAD,PIT,,MIN,,,,BOS,,WSH,TOR,,NYM,,TB,15
25,9/9/2020,Wed,,STL,,,HOU,ARI,,CHC,SEA,,OAK,,,CIN,,LAD,PIT,,MIN,,,,BOS,,WSH,TOR,,NYM,,TB,15
25,9/10/2020,Thu,,CIN,,,,ARI,,,SEA,,OAK,CHC,,,,LAD,,,MIN,,,,BOS,,WSH,TOR,,,,,10
25,9/11/2020,Fri,OAK,CIN,,ARI,,,,SD,HOU,,CHW,CHC,,,,,MIN,,LAA,NYM,,TB,TOR,,,MIL,,PHI,,WSH,15
25,9/12/2020,Sat,OAK,CIN,,ARI,,,,SD,HOU,,CHW,CHC,,,,,MIN,,LAA,NYM,,TB,TOR,,,MIL,,PHI,,WSH,15
25,9/13/2020,Sun,OAK,CIN,,ARI,,,,SD,HOU,,CHW,CHC,,,,,MIN,,LAA,NYM,,TB,TOR,,,MIL,,PHI,,WSH,15
26,9/14/2020,Mon,SD,,CHW,,,,SF,,,LAA,,,,,PIT,,,,DET,,,,,,,,,,NYY,,7
26,9/15/2020,Tue,SD,,CHW,COL,,,SF,,,LAA,,KC,TEX,ATL,PIT,,,BOS,DET,,PHI,,,MIA,,,BAL,,NYY,,15
26,9/16/2020,Wed,,,CHW,COL,,,SF,,,,,KC,TEX,ATL,PIT,,,BOS,DET,,PHI,,,MIA,,,BAL,,NYY,,13
26,9/17/2020,Thu,CLE,,LAA,,,,SD,,,BAL,,,TEX,ATL,PIT,KC,,STL,,,,,,MIA,,,,,BOS,,11
26,9/18/2020,Fri,CLE,,LAA,SF,,,SD,,,BAL,,,DET,PIT,COL,KC,,STL,,,NYY,,,TEX,ATL,,MIA,,BOS,,15
26,9/19/2020,Sat,CLE,,LAA,SF,,,SD,,,BAL,,,DET,PIT,COL,KC,,STL,,,NYY,,,TEX,ATL,,MIA,,BOS,,15
26,9/20/2020,Sun,CLE,,LAA,SF,,,SD,,,BAL,,,DET,PIT,COL,KC,,STL,,,NYY,,,TEX,ATL,,MIA,,BOS,,15
27,9/21/2020,Mon,,,,,,,,,,,DET,MIL,,,,CLE,,,,,,,HOU,,NYM,TB,,WSH,,CIN,8
27,9/22/2020,Tue,,ARI,,,SEA,MIN,,LAD,OAK,,DET,MIL,,,,CLE,,,,CHC,,TOR,HOU,,NYM,TB,,WSH,,CIN,15
27,9/23/2020,Wed,,ARI,,,SEA,MIN,,LAD,OAK,,DET,MIL,,,,CLE,,,,CHC,,TOR,HOU,,NYM,TB,,WSH,,CIN,15
27,9/24/2020,Thu,,MIL,,,SEA,MIN,,LAD,OAK,,DET,,,,,,,,,CIN,,TOR,HOU,,NYM,TB,,WSH,,,12
27,9/25/2020,Fri,,MIL,,,OAK,LAD,,ARI,SEA,,MIN,,,,STL,,CHW,,TOR,CIN,,BAL,TB,,,,PHI,HOU,,NYM,15
27,9/26/2020,Sat,,MIL,,,OAK,LAD,,ARI,SEA,,MIN,,,,STL,,CHW,,TOR,CIN,,BAL,TB,,,,PHI,HOU,,NYM,15
27,9/27/2020,Sun,,MIL,,,OAK,LAD,,ARI,SEA,,MIN,,,,STL,,CHW,,TOR,CIN,,BAL,TB,,,,PHI,HOU,,NYM,15
